528026,"Full Transcript | Centre Failed To Provide Alternative Sources for Vaccine Supply: Chidambaram","2021-05-12 17:30:27","https://thewire.in/?p=528026"
527995,"Alleged Offenders Should Be Given Anticipatory Bail For Limited Time Due To COVID: HC","2021-05-12 15:18:59","https://thewire.in/?p=527995"
527985,"To Fully Understand the Migrant Worker Crisis, We Need a Larger Perspective","2021-05-12 15:15:00","https://thewire.in/?p=527985"
527960,"COVID-19: India Sees Record 4,205 Deaths in the Last 24 Hours","2021-05-12 11:25:12","https://thewire.in/?p=527960"
527941,"In COVID Origins Storm, Fauci Denies US Funded Controversial Study in Wuhan","2021-05-12 10:09:23","https://thewire.in/?p=527941"
527877,"West Bengal: No End to Patua Artists' Financial Woes As COVID-19 Rages","2021-05-12 10:00:32","https://thewire.in/?p=527877"
527924,"Elgar Case: DU Professor Hany Babu Denied Medical Care After Developing Eye Infection","2021-05-11 23:07:22","https://thewire.in/?p=527924"
527891,"As Centre Seeks to Keep COVID Management Out of Judicial Review, SC Is Set to Examine Its Options","2021-05-11 20:15:58","https://thewire.in/?p=527891"
527883,"Several Ministers Share Article by BJP Member Praising Modi's 'Hard Work' to Tackle COVID","2021-05-11 19:15:15","https://thewire.in/?p=527883"
527821,"Watch | COVID Mismanagement: Union Minister Raises Questions Against Yogi Govt","2021-05-11 17:00:29","https://thewire.in/?p=527821"
527783,"India’s COVID Death Reporting Is Broken But Here’s How to Fix It","2021-05-11 16:00:52","https://thewire.in/?p=527783"
527840,"Watch | The 'Black Fungus' Causing Blindness in Some COVID-19 Survivors","2021-05-11 15:45:38","https://thewire.in/?p=527840"
527777,"The Global Clamour for Ending Vaccine Inequalities Must Go Beyond Just the IP Issue","2021-05-11 14:49:54","https://thewire.in/?p=527777"
527766,"WHO Issues Warning on Strain as India's Seven-Day COVID Averages Reaches New High","2021-05-11 13:54:42","https://thewire.in/?p=527766"
527719,"COVID Crisis: Pakistani-American Physicians Express Solidarity With the People of India","2021-05-11 12:15:10","https://thewire.in/?p=527719"
527675,"UP Police Register FIR Against Ex IAS Officer Who Criticised Govt's COVID-19 Management","2021-05-11 09:06:35","https://thewire.in/?p=527675"
527607,"COVID-19 in Bihar: Horror in Chausa Town As Dead Bodies Wash Up on Banks of Ganga","2021-05-10 19:45:37","https://thewire.in/?p=527607"
527613,"Watch: Baba Ramdev Mocks COVID-19 Patients","2021-05-10 18:58:29","https://thewire.in/?p=527613"
527601,"Congress Postpones Internal Elections Because of COVID-19 Surge","2021-05-10 18:47:54","https://thewire.in/?p=527601"
527551,"Can Scotland Hold Another Independence Referendum?","2021-05-10 18:04:12","https://thewire.in/?p=527551"
527557,"13 COVID Patients Died at Chengalpet Hospital Last Week. What Actually Happened?","2021-05-10 16:00:35","https://thewire.in/?p=527557"
527490,"The Impact of COVID-19 on India’s Manufacturing Sector","2021-05-10 15:00:13","https://thewire.in/?p=527490"
527545,"Covid Crisis Isn't Fault of 'System' but of Modi's Systematic Perversion of the System: Arun Shourie","2021-05-10 14:51:03","https://thewire.in/?p=527545"
527491,"AMU VC Asks ICMR To Study if COVID Variant Responsible After Deaths of 34 Teachers","2021-05-10 13:05:41","https://thewire.in/?p=527491"
527474,"Had Govt Done Its Job, It Would Not Have Come to This: Rahul on Foreign Aid","2021-05-10 12:57:34","https://thewire.in/?p=527474"
527508,"India Reports More New COVID Cases in a Day Than All Other Countries Combined","2021-05-10 12:35:38","https://thewire.in/?p=527508"
527502,"Watch: Varanasi, PM Modi's Constituency, Ravaged by COVID-19","2021-05-10 12:28:31","https://thewire.in/?p=527502"
527470,"Out of Work, Poor Not Getting Rations, Information on Schemes: Food Rights Activists","2021-05-10 11:40:00","https://thewire.in/?p=527470"
527461,"Origins of COVID-19: Who Opened Pandora's Box at Wuhan – People or Nature?","2021-05-10 09:30:19","https://thewire.in/?p=527461"
527457,"A Report Card on the End Times Brought Upon Us by Hindutva","2021-05-10 09:04:46","https://thewire.in/?p=527457"
527394,"Kashmir Authorities Restrain Medical Staff From Talking to Media Even as Covid Cases Surge","2021-05-09 18:30:50","https://thewire.in/?p=527394"
527364,"COVID-19 in Prisons: SC Intervention Must Ensure the Centre Exercises Its Responsibility","2021-05-09 18:00:58","https://thewire.in/?p=527364"
527277,"India's COVID-19 Crisis Is Due to Its Collective Failure, Blaming Others Doesn't Help","2021-05-09 09:00:28","https://thewire.in/?p=527277"
527268,"Punjab Farmers Take Out 'Anti-Lockdown' Protest Marches, Defy Restrictions","2021-05-08 17:20:59","https://thewire.in/?p=527268"
527213,"India's COVID Shambles: It Took Us Seventy Years, Not Seven, To Get Here","2021-05-08 14:12:24","https://thewire.in/?p=527213"
527199,"Backstory: Amidst the Death Dance of the Pandemic, a Ceaseless Pursuit To Hobble the Media","2021-05-08 13:59:24","https://thewire.in/?p=527199"
527185,"FTII Students' Association Demands Suspension of Online Classes Due to COVID Crisis","2021-05-08 13:30:39","https://thewire.in/?p=527185"
527164,"As India Is Ravaged by Death, We Must Rethink the Absurd Proposition of 'Don’t Do Politics'","2021-05-08 11:20:41","https://thewire.in/?p=527164"
527146,"At Summit, India and EU to Discuss Differing Positions on Vaccine Patent Waiver Proposal","2021-05-07 22:59:59","https://thewire.in/?p=527146"
527136,"'Lest We Forget': Why India Must Remember Its Present Horror","2021-05-07 21:50:10","https://thewire.in/?p=527136"
527132,"Karnataka Announces Complete Lockdown From May 10 to May 24","2021-05-07 21:01:52","https://thewire.in/?p=527132"
527123,"What the Delay in US Help for India Says About the Effectiveness of the 'Quad'","2021-05-07 20:42:59","https://thewire.in/?p=527123"
527056,"Full Text | Indian Govt Failed to Act Even When Data Showed Rise in COVID Cases: Ashish Jha","2021-05-07 18:30:29","https://thewire.in/?p=527056"
527049,"India Crowdfunds Millions For Its Weary Crematorium Workers","2021-05-07 15:21:25","https://thewire.in/?p=527049"
527036,"Kin Allege Negligence as Prisoner in Taloja Jail Dies of COVID-19","2021-05-07 12:15:49","https://thewire.in/?p=527036"
527025,"India Has Recorded More Than 1.5 Million New COVID-19 Cases Just This Week","2021-05-07 11:07:57","https://thewire.in/?p=527025"
527005,"Meet the Founders of CovRelief, a Website Trying to Help COVID-19 Patients Find Resources","2021-05-07 11:00:26","https://thewire.in/?p=527005"
527013,"Watch | COVID-19: As India Gasps for Oxygen, a Look at the Last 8 Days of the Pandemic","2021-05-07 10:50:23","https://thewire.in/?p=527013"
526956,"COVID-19 Deaths in India Are Rising the Fastest In the World: Data","2021-05-06 19:45:28","https://thewire.in/?p=526956"
526919,"COVID Crisis: Lucknow Mourns the Passing of Cardiac Care Specialist","2021-05-06 16:00:48","https://thewire.in/?p=526919"
526901,"Pandemic and Elections in West Bengal: Modi's Conjoint Failures","2021-05-06 15:43:06","https://thewire.in/?p=526901"
526870,"Gujarat: High Court Says Steps Taken to Curb COVID-19 Infections 'Not Enough'","2021-05-06 13:30:54","https://thewire.in/?p=526870"
526862,"Kumbh Mela Shahi Snans Biggest Super-Spreaders in Pandemic’s History: Dr Ashish Jha","2021-05-06 13:21:42","https://thewire.in/?p=526862"
526867,"India Welcomes US Decision to Waive Off Patent Rules on COVID-19 Vaccines","2021-05-06 13:20:06","https://thewire.in/?p=526867"
526845,"Full Text | 'Govt Should Have Evaluated, Acted Upon INSACOG Warning': Rakesh Mishra","2021-05-06 12:23:43","https://thewire.in/?p=526845"
526834,"India Records More Than 400,00 New COVID-19 Daily Cases","2021-05-06 09:49:19","https://thewire.in/?p=526834"
526666,"On Display in Delhi Now, a Central Vista to Criminal Negligence","2021-05-06 07:00:07","https://thewire.in/?p=526666"
526805,"Jaishankar Says COVID-19 'Exposed' India's Health Facilities, but Blames Previous Govts","2021-05-05 23:45:34","https://thewire.in/?p=526805"
526797,"As COVID-19 Cases Rise, Activists, Lawyers Appeal for the Release of Prisoners in Delhi","2021-05-05 23:00:02","https://thewire.in/?p=526797"
526769,"Additional 230 Million Indians Fell Below Poverty Line Due to the Pandemic: Study","2021-05-05 22:20:44","https://thewire.in/?p=526769"
526720,"High-Tech Hunt for Scarce Vaccines in India Raises Concern for Fairness","2021-05-05 17:32:00","https://thewire.in/?p=526720"
526719,"In UK, Jaishankar Tweets of Exposure to COVID-19 Positive Cases; Attends G7 Meet Virtually","2021-05-05 17:15:49","https://thewire.in/?p=526719"
526696,"Watch | Delhi Govt Seeks Army's Help to Tackle COVID-19 Crisis","2021-05-05 16:30:31","https://thewire.in/?p=526696"
526650,"Key Economic Lessons Learnt From the West Bengal, Kerala Electoral Results","2021-05-05 15:40:02","https://thewire.in/?p=526650"
526695,"Watch | Indian Courts Pull Up State Governments Over COVID-19 Crisis","2021-05-05 14:52:14","https://thewire.in/?p=526695"
526671,"UP Govt Orders Help Desks, Medical Equipment for Cows in Each District","2021-05-05 14:30:41","https://thewire.in/?p=526671"
526679,"Services Growth Drops To Three-Month Low in April, Input Costs Soared","2021-05-05 13:52:54","https://thewire.in/?p=526679"
526673,"Official COVID Projections Were Toppled by Virus Variants That Genome Panel Had Warned About","2021-05-05 13:45:16","https://thewire.in/?p=526673"
526629,"Seven More Gujarat Towns Face Curbs, Restrictions Extended in 29 Cities","2021-05-05 12:01:51","https://thewire.in/?p=526629"
526618,"India Sees Highest Number of Daily COVID-19 Deaths Since Pandemic Began","2021-05-05 10:55:24","https://thewire.in/?p=526618"
526553,"'We Warned Govt in Early March of Covid Surge, Impossible to Believe Modi Wasn't Told'","2021-05-04 17:51:37","https://thewire.in/?p=526553"
526525,"Central Vista Project Must Be Halted, Risks Lives During Pandemic: Petition in HC","2021-05-04 17:07:56","https://thewire.in/?p=526525"
526463,"COVID-19: Trainee Doctors', Nurses' Exams Postponed to Free Them Up for Service","2021-05-04 16:00:58","https://thewire.in/?p=526463"
526449,"US Ban on Travellers from India Comes Into Effect","2021-05-04 15:48:56","https://thewire.in/?p=526449"
526489,"As COVID-19 Second Wave Wreaks Havoc, India Lost Over 7 Million Jobs in April: CMIE","2021-05-04 15:29:38","https://thewire.in/?p=526489"
526447,"Behind the Lives Lost During the Pandemic Lie India's Failing Public Institutions","2021-05-04 13:34:09","https://thewire.in/?p=526447"
526453,"COVID-19 Cases Continue to Surge as India Crosses 20-Million Mark","2021-05-04 11:37:32","https://thewire.in/?p=526453"
526361,"'DRDO Hospitals' for COVID in VIP Constituencies Are Affecting Military’s Operational Readiness","2021-05-04 11:30:28","https://thewire.in/?p=526361"
526448,"India's COVID-19 Vaccinations Plummet as New Infections Soar","2021-05-04 11:26:17","https://thewire.in/?p=526448"
526434,"In Bhopal, Police Action Against Auto-Ambulance May Have Cost COVID Patient His Life","2021-05-04 09:21:50","https://thewire.in/?p=526434"
526354,"As YSRCP Wins Tirupati By-Polls Comfortably, Many Question Pre-Poll Fanfare","2021-05-03 20:51:52","https://thewire.in/?p=526354"
526345,"COVID-19: Many States Declare Journalists 'Frontline Workers', to Vaccinate Them on Priority","2021-05-03 18:40:37","https://thewire.in/?p=526345"
526253,"Nepal Imposes Flight Restrictions as COVID-19 Cases Surge","2021-05-03 15:37:09","https://thewire.in/?p=526253"
526295,"India's COVID-19 Cases Near 20 Million, Experts Say Real Number Much Higher","2021-05-03 14:25:58","https://thewire.in/?p=526295"
526267,"Nepal PM Oli To Seek Confidence Vote for His Government on May 10","2021-05-03 14:14:05","https://thewire.in/?p=526267"
526208,"Why the Centre's PLI Scheme for Food Processing Sector May Not Be a Big Job Generator","2021-05-03 13:30:47","https://thewire.in/?p=526208"
526230,"Heed Tony Fauci’s Advice to Save India's Citizens","2021-05-03 13:01:17","https://thewire.in/?p=526230"
526013,"Election Results: TMC Wins WB, Mamata Loses Nandigram to Suvendu","2021-05-02 23:18:41","https://thewire.in/?p=526013"
526165,"COVID-19: A Nation's Soul Scarred Beyond Recognition in United Grief","2021-05-02 19:16:21","https://thewire.in/?p=526165"
526168,"Delhi's Oxygen Crisis Continues as Several Hospitals Report Shortage to Treat COVID Patients","2021-05-02 19:11:39","https://thewire.in/?p=526168"
526157,"As COVID-19 Cases Surge, Haryana to Go into Lockdown for a Week from May 3","2021-05-02 18:20:58","https://thewire.in/?p=526157"
526110,"As COVID-19 Rages, the Road Ahead for Migrant Workers in Himachal Looks Bleak","2021-05-02 17:47:34","https://thewire.in/?p=526110"
526102,"Jaishankar in Twitter Spat After Youth Congress Supplies Oxygen to 2 Foreign Missions","2021-05-02 15:58:38","https://thewire.in/?p=526102"
525987,"Left Front Led by Pinarayi Vijayan Retains Control of Kerala Assembly","2021-05-02 13:48:12","https://thewire.in/?p=525987"
526006,"'There Are Queues for Oxygen and Outside Crematorium, but PM Modi Is Obsessed With Saving His Image'","2021-05-01 21:49:36","https://thewire.in/?p=526006"
525971,"May Day 2021: What Has (Not) Changed Since the Pandemic Ravaged Livelihoods of Workers","2021-05-01 21:15:57","https://thewire.in/?p=525971"
525991,"Lockdown in Delhi Extended by Another Week: Arvind Kejriwal","2021-05-01 18:41:41","https://thewire.in/?p=525991"
525960,"Brazil Senate to Probe Bolsonaro Government's (Mis)Steps on COVID-19 Pandemic","2021-05-01 18:15:27","https://thewire.in/?p=525960"
525962,"Maharashtra's Prisons Are Feeling the Brunt of a Crisis That Could Have Been Averted","2021-05-01 17:25:02","https://thewire.in/?p=525962"
525892,"With More Than 4 Lakh New COVID-19 Cases, India Posts Record Rise","2021-05-01 11:30:30","https://thewire.in/?p=525892"
525890,"Scientists Say Centre Ignored Warnings of Variants That Opened Door to Disaster","2021-05-01 11:09:37","https://thewire.in/?p=525890"
525887,"Gujarat: Hospital Fire in Bharuch Kills 16 COVID-19 Patients, 2 Nurses","2021-05-01 10:40:56","https://thewire.in/?p=525887"
525851,"Silence Is No Longer an Option. It's Time for Our Conscience to Wake Up.","2021-04-30 21:28:25","https://thewire.in/?p=525851"
525873,"'Sincere Sympathies': Chinese President Xi Writes to PM Modi With Offer to Help Fight Surge","2021-04-30 20:57:11","https://thewire.in/?p=525873"
525804,"What the SOS Tweets Tell us About the Second Wave of COVID-19","2021-04-30 19:00:14","https://thewire.in/?p=525804"
525838,"COVID-19: Goa Goes Into Lockdown as Test Positivity Rate Crosses 50%","2021-04-30 17:46:33","https://thewire.in/?p=525838"
525833,"COVID-19 Vaccine Expansion Will Not Begin on May 1 in These States","2021-04-30 17:29:30","https://thewire.in/?p=525833"
525777,"Uttar Pradesh: BJP MLA Says CM's Experiment to Control COVID With Bureaucracy Failed","2021-04-30 15:46:58","https://thewire.in/?p=525777"
525769,"Crush at Israeli Religious Festival Kills 44","2021-04-30 14:24:26","https://thewire.in/?p=525769"
525773,"Don't Clamp Down on SOS COVID-19 Messages, Supreme Court Warns States, Police","2021-04-30 14:19:02","https://thewire.in/?p=525773"
525753,"Bombay HC Directs Police to Trace How BJP MP Procured Remdesivir 'Surreptitiously'","2021-04-30 14:00:32","https://thewire.in/?p=525753"
525742,"'Can't Help Anyone': Delhi MLA Wants President's Rule Imposed to Stem COVID Crisis","2021-04-30 13:30:26","https://thewire.in/?p=525742"
525730,"In Photos: Ghazipur Crematorium Overwhelmed as Delhi's COVID-19 Deaths Spiral","2021-04-30 13:00:30","https://thewire.in/?p=525730"
525724,"COVID-19: India Reports 3.86 Lakh New Cases; All Mumbai Vaccine Centres Closed for 3 Days","2021-04-30 10:55:56","https://thewire.in/?p=525724"
525601,"The Pandemic Has Yet Again Exposed Modi's Insidious Politics of 'Narrative Control'","2021-04-30 10:15:00","https://thewire.in/?p=525601"
525712,"Questions About Modi Govt's Handling of the COVID Surge That We Don’t Have Answers To","2021-04-30 09:57:21","https://thewire.in/?p=525712"
525714,"Private Firms Are Sourcing India’s Priority Needs From China: Indian Foreign Secretary","2021-04-30 09:49:49","https://thewire.in/?p=525714"
525698,"Over 40 Countries Offered Assistance to India To Fight COVID-19: Shringla","2021-04-29 21:48:57","https://thewire.in/?p=525698"
525648,"Himachal Pradesh: Man Who Died of COVID Allegedly Carried in Garbage Van to Crematorium","2021-04-29 19:20:34","https://thewire.in/?p=525648"
525652,"Former PM Manmohan Singh Recovers from COVID, Discharged from AIIMS","2021-04-29 18:28:46","https://thewire.in/?p=525652"
525649,"Eminent Poet Kunwar Bechain Dies of COVID-19","2021-04-29 18:18:25","https://thewire.in/?p=525649"
525594,"Mother of Man Seen Pleading for Oxygen to Not Be Taken Away Dies; Cops Say Video 'Misleading'","2021-04-29 17:17:35","https://thewire.in/?p=525594"
525485,"Urvashi Bahuguna's Latest Book on Mental Health Offers Hope for Turbulent Minds","2021-04-29 16:00:37","https://thewire.in/?p=525485"
525585,"HC Directs Gujarat Govt To Attend to All Patients Reaching COVID-19 Hospitals","2021-04-29 15:53:53","https://thewire.in/?p=525585"
525508,"In Photos: An Endless Cycle of Heartbreak and Grief at Delhi's Seemapuri Crematorium","2021-04-29 15:15:27","https://thewire.in/?p=525508"
525496,"Jharkhand Extends Restrictive Measures Until May 6 as COVID-19 Surge Continues","2021-04-29 13:51:43","https://thewire.in/?p=525496"
525528,"COVID-19 Surge: Uttarakhand Suspends Char Dham Yatra","2021-04-29 13:45:03","https://thewire.in/?p=525528"
525490,"Allahabad HC Judge Virendra Kumar Srivastava Dies of COVID-19","2021-04-29 13:11:24","https://thewire.in/?p=525490"
525472,"'It Appears You Want People to Die': Delhi HC Reproaches Centre on Mishandling of Coronavirus Situation","2021-04-29 12:54:46","https://thewire.in/?p=525472"
525456,"The Least the Centre Can Do for People Now Is Provide Free COVID Vaccines","2021-04-29 12:53:09","https://thewire.in/?p=525456"
525465,"Chart: India's COVID-19 Crisis Leads To Black Market Price Explosion","2021-04-29 11:30:09","https://thewire.in/?p=525465"
525458,"COVID-19: With Over 3.7 Lakh New Cases, Another Record Single-Day Spike","2021-04-29 10:43:55","https://thewire.in/?p=525458"
525398,"Of a 'Yug Purush' Prime Minister and the Sufferings of Mortals in the Pandemic","2021-04-29 10:00:51","https://thewire.in/?p=525398"
525449,"It's Not Enough to Say the Govt Has Failed. We Are Witnessing a Crime Against Humanity.","2021-04-29 09:48:02","https://thewire.in/?p=525449"
525422,"By Hoarding Essential Supplies, 'Corona Warriors' Can't Claim to Be Helping Patients","2021-04-28 22:30:27","https://thewire.in/?p=525422"
525415,"COVID-19: The Adityanath Government Has Moved From Denial to Intimidation ","2021-04-28 20:12:03","https://thewire.in/?p=525415"
525411,"Goa Announces Four-Day Lockdown from April 29 as COVID-19 Cases Spike","2021-04-28 18:33:36","https://thewire.in/?p=525411"
525408,"India Declines UN's Help Offer from Integrated Supply Chain, Says it Has 'Robust System'","2021-04-28 17:46:25","https://thewire.in/?p=525408"
525388,"Even as Uttarakhand Reels From Sharp Spike in COVID Cases, Char Dham Yatra To Go Ahead","2021-04-28 17:30:32","https://thewire.in/?p=525388"
525320,"The Virus and the Math of Vaccine, Votes and Worship","2021-04-28 15:37:42","https://thewire.in/?p=525320"
525349,"Many States Say COVID Vaccine Expansion Unlikely Before Third Week of May","2021-04-28 15:15:49","https://thewire.in/?p=525349"
525351,"Watch | Ground Report: Delhi Struggles to Survive Second Wave of COVID-19","2021-04-28 15:04:01","https://thewire.in/?p=525351"
525311,"Undertrial Prisoner at Tihar Dies After Testing Positive for COVID-19","2021-04-28 14:06:38","https://thewire.in/?p=525311"
525294,"COVID-19: Lalu's Release Delayed as Jharkhand Bar Council Restricts Lawyers' Attendance","2021-04-28 14:03:34","https://thewire.in/?p=525294"
525299,"India Offered Assistance of United Nation's Integrated Supply Chain: UN Spokesman","2021-04-28 14:00:58","https://thewire.in/?p=525299"
525279,"ITBP Says Delhi's New COVID-19 Centre's Capacity 'Limited' By Oxygen Supply Issues","2021-04-28 13:55:53","https://thewire.in/?p=525279"
525292,"South Asian Countries Urged to Cooperate in Fight Against COVID-19","2021-04-28 12:45:46","https://thewire.in/?p=525292"
525283,"India's Coronavirus Deaths Exceed 2 Lakh After Record Surge in Cases","2021-04-28 12:00:19","https://thewire.in/?p=525283"
525278,"His Own Govt's Data Contradicts Assam Health Min's Claim on 'No COVID Till April 6'","2021-04-28 11:54:40","https://thewire.in/?p=525278"
525273,"UP: After Report Says 135 People on Poll Duty Died Due to COVID-19, High Court Pulls Up SEC","2021-04-28 11:45:50","https://thewire.in/?p=525273"
525269,"Four Patients Die in Hospital Fire Near Maharashtra's Thane","2021-04-28 10:51:50","https://thewire.in/?p=525269"
525220,"Watch | As COVID-19 Rages, the Government Is Covering the Truth","2021-04-27 21:00:44","https://thewire.in/?p=525220"
525197,"PM Modi a 'Super Spreader', Responsible For COVID Second Wave: IMA's Navjot Dahiya","2021-04-27 20:15:03","https://thewire.in/?p=525197"
525173,"How Cult Worship Drove Us Into Crisis","2021-04-27 18:48:22","https://thewire.in/?p=525173"
525141,"Watch | Election Commission Officials Should Be Booked On Murder Charges: Madras HC","2021-04-27 18:00:20","https://thewire.in/?p=525141"
525124,"COVID-19: Ireland to Send 700 Oxygen Concentrators To India","2021-04-27 16:39:27","https://thewire.in/?p=525124"
525089,"US Chamber Sees Risk of Faltering Indian Economy to Global Economy Amid COVID-19 Surge","2021-04-27 15:10:56","https://thewire.in/?p=525089"
525093,"Indian High Commission Describes Australian Article Criticising Modi as 'Slander'","2021-04-27 14:56:03","https://thewire.in/?p=525093"
524846,"Maharashtra's Poor COVID Experience Is Reflection of Half a Century of Identity Politics","2021-04-27 14:06:27","https://thewire.in/?p=524846"
525060,"Assamese Journalist Aiyushman Dutta Dies of COVID-19","2021-04-27 13:13:27","https://thewire.in/?p=525060"
525065,"Sardar Patel COVID Centre Sees Desperate Patients Queue up Outside Even Before It Opens","2021-04-27 13:08:55","https://thewire.in/?p=525065"
524152,"COVID-19 Surge: A List of Countries Which Have Banned or Curtailed Travel from India","2021-04-27 12:50:42","https://thewire.in/?p=524152"
525057,"Centre Asks Serum Institute, Bharat Biotech to Lower Prices for Vaccines","2021-04-27 12:30:34","https://thewire.in/?p=525057"
525052,"Election Commission Bans Post-Result Victory Processions on May 2","2021-04-27 11:50:46","https://thewire.in/?p=525052"
525044,"India's Total COVID-19 Death Toll Nears Two Lakh","2021-04-27 11:29:41","https://thewire.in/?p=525044"
525019,"COVID-19: China Promises Co-operation as Sichuan Airlines Suspends Cargo Flights","2021-04-26 23:12:48","https://thewire.in/?p=525019"
525002,"COVID-19: Centre Asks People to Wear Masks at Home as Well","2021-04-26 20:21:03","https://thewire.in/?p=525002"
524897,"COVID-19 Shows How the Government Chose to Misplace Its Bandwidth Yet Again","2021-04-26 18:08:22","https://thewire.in/?p=524897"
524969,"COVID-19: Supreme Court Advances Summer Vacation by a Week","2021-04-26 17:52:27","https://thewire.in/?p=524969"
524901,"In Nashik, Where Oxygen Leak Killed Many Patients, a Familiar Story of Round-the-Clock Cremations","2021-04-26 17:00:24","https://thewire.in/?p=524901"
524880,"Indian-American CEOs of Google, Microsoft Pledge Support in India's Fight Against COVID-19","2021-04-26 16:32:59","https://thewire.in/?p=524880"
524839,"India Should Ask China for Surplus COVID Vaccine Supply: Global Vaccine Expert","2021-04-26 14:39:24","https://thewire.in/?p=524839"
524838,"Thailand Steps up Coronavirus Measures at Home, Suspends Travel From India","2021-04-26 13:52:27","https://thewire.in/?p=524838"
524847,"Harsh Vardhan and SII Statements Keep Covishield Price Confusion Alive","2021-04-26 12:29:13","https://thewire.in/?p=524847"
524817,"Government Bars Use of Liquid Oxygen For Non-Medical Purposes","2021-04-26 12:02:20","https://thewire.in/?p=524817"
524833,"With 3.52 Lakh New COVID-19 Cases, India Hits Record Peak for a Fifth Day","2021-04-26 11:49:36","https://thewire.in/?p=524833"
524824,"Probe Underway as 4 COVID Patients Die in Rewari Hospital Amid Oxygen Shortage","2021-04-26 11:41:12","https://thewire.in/?p=524824"
524802,"US to Send India Raw Materials for Vaccine Production as Biden Joins World Leaders Promising Support","2021-04-26 09:04:18","https://thewire.in/?p=524802"
524774,"Watch | As India Gasps for Oxygen, We Ask: Could This Disaster Have Been Prevented?","2021-04-25 18:00:48","https://thewire.in/?p=524774"
524761,"COVID Crisis: A Personal Experience of Treatment in Lucknow","2021-04-25 17:00:21","https://thewire.in/?p=524761"
524724,"'No Shortage of Oxygen': Adityanath Wants NSA Invoked Against Those Who Spread 'Rumours'","2021-04-25 15:43:58","https://thewire.in/?p=524724"
524701,"At Least 27 Killed in Fire at Baghdad Hospital for COVID-19 Patients","2021-04-25 13:43:54","https://thewire.in/?p=524701"
524682,"US Will Rapidly Deploy Additional Support to India Amid COVID-19 Surge: Blinken","2021-04-25 13:15:41","https://thewire.in/?p=524682"
524687,"Delhi Govt Extends Lockdown by a Week Amid Rising COVID Cases and Oxygen Crisis","2021-04-25 12:31:53","https://thewire.in/?p=524687"
524660,"To Fight the Deadly Second Wave, a Lockdown Is the Only Available Strategy","2021-04-25 11:36:28","https://thewire.in/?p=524660"
524653,"Delhi Hospitals Turn Away COVID Patients as Oxygen Supply Depletes","2021-04-25 11:15:10","https://thewire.in/?p=524653"
524325,"COVID Has Exposed the Supreme Court's Utter Disregard for the Plight of Ordinary Citizens","2021-04-24 22:12:46","https://thewire.in/?p=524325"
524607,"Watch Out Democratic India, Unhappier Days Are Just Around the Corner","2021-04-24 21:02:36","https://thewire.in/?p=524607"
524570,"Delhi HC Says It Will 'Hang' Anyone Obstructing Oxygen Supplies to Hospitals","2021-04-24 17:30:58","https://thewire.in/?p=524570"
524571,"Watch | Nine Things BJP Leaders Said Recently About the Pandemic – But Shouldn't Have","2021-04-24 15:45:44","https://thewire.in/?p=524571"
524552,"Backstory | A Question the Media Seldom Asks: Does the PM Care?","2021-04-24 15:15:25","https://thewire.in/?p=524552"
524547,"COVID-19: Imran Khan Expresses Solidarity With India; Edhi Trust Offers to Provide Ambulances","2021-04-24 14:30:22","https://thewire.in/?p=524547"
524509,"Bengal: ECI Slaps FIRs, Show Cause Notices Against Candidates Violating COVID Norms","2021-04-24 13:05:41","https://thewire.in/?p=524509"
524489,"Madhya Pradesh Congress MLA Kalawati Bhuria Dies of COVID-19","2021-04-24 12:46:22","https://thewire.in/?p=524489"
524485,"UP Likely to Be Worst Hit State by End-April but Ministers in Denial About Oxygen Shortage","2021-04-24 12:30:22","https://thewire.in/?p=524485"
524490,"The Modi Govt Wants to Vaccinate All Indians. Its Plan Points the Other Way.","2021-04-24 11:10:42","https://thewire.in/?p=524490"
524451,"Delhi: Ganga Ram Hospital Issues SOS Again; Citywide Crisis Continues","2021-04-24 10:35:16","https://thewire.in/?p=524451"
524420,"Mouse Under the Throne: The Judicial Legacy of Sharad A. Bobde","2021-04-24 08:00:01","https://thewire.in/?p=524420"
524469,"As COVID-19 Spike Continues, Offers For Help and Solidarity From Governments Abroad","2021-04-24 00:18:43","https://thewire.in/?p=524469"
524455,"'Prevent Further Loss': An Urgent Appeal to the Health Minister by Public Health Practitioners","2021-04-23 22:07:51","https://thewire.in/?p=524455"
524438,"Defence Ministry Announces Decision to Airlift 23 Oxygen Generation Plants from Germany","2021-04-23 19:36:59","https://thewire.in/?p=524438"
524402,"New Front in Digital Divide Exposed by India's COVID-19 Meltdown","2021-04-23 18:21:01","https://thewire.in/?p=524402"
524367,"MP: With Viral Video of Dead Body Falling Off Ambulance, Allegations That Family Wasn't Told","2021-04-23 17:59:43","https://thewire.in/?p=524367"
524408,"Centre To Provide Free Food Grains Under PM Garib Kalyan Ann Yojana in May, June","2021-04-23 16:45:08","https://thewire.in/?p=524408"
524354,"Ask Army to Take Over All Oxygen Plants, Ensure Supply: Kejriwal at PM's Meet With CMs","2021-04-23 14:57:03","https://thewire.in/?p=524354"
524320,"'Can't Let the Old Die': Bombay HC Asks Centre to Reconsider Giving COVID Vaccines at Home","2021-04-23 14:15:47","https://thewire.in/?p=524320"
524337,"US Defends Restrictions on Export of COVID-19 Vaccine Raw Materials Amid India's Request To Lift Ban","2021-04-23 14:15:29","https://thewire.in/?p=524337"
524324,"Union Minister Threatens to Slap a Man Who Pleaded for Oxygen for His Ailing Mother","2021-04-23 13:53:02","https://thewire.in/?p=524324"
524307,"A Part-Time Central Government With Part-Time Ministers Can't Handle a Crisis Like COVID","2021-04-23 12:09:04","https://thewire.in/?p=524307"
524300,"Delhi: 25 'Sickest' Patient Die, 60 More at Risk Amidst Oxygen Shortage at Ganga Ram Hospital","2021-04-23 10:26:55","https://thewire.in/?p=524300"
524295,"How the Modi Government Overestimated India’s Capacity to Make COVID Vaccines","2021-04-23 10:15:57","https://thewire.in/?p=524295"
524281,"UP's COVID-19 Victims Have Been Left to Fend for Themselves","2021-04-23 09:55:49","https://thewire.in/?p=524281"
524288,"Maharashtra: 15 COVID-19 Patients Die in Virar Hospital Fire","2021-04-23 09:16:02","https://thewire.in/?p=524288"
524285,"Mass Cremations Begin As Delhi Faces Deluge of COVID-19 Deaths","2021-04-23 08:59:50","https://thewire.in/?p=524285"
524268,"China Offers Assistance to India to Combat Rising COVID-19 Cases","2021-04-22 22:10:46","https://thewire.in/?p=524268"
524264,"Fitch Affirms BBB- Rating, Says COVID Surge May Delay Economic Recovery","2021-04-22 21:51:02","https://thewire.in/?p=524264"
524231,"Watch | Baba Ramdev Returns With Coronil Once Again","2021-04-22 20:00:17","https://thewire.in/?p=524231"
524197,"Watch | COVID-19 Bulletin: Triple Mutation Strain Emerges in India","2021-04-22 18:00:07","https://thewire.in/?p=524197"
524220,"Islamic Scholar Maulana Wahiduddin Khan Passes Away in Delhi","2021-04-22 17:40:13","https://thewire.in/?p=524220"
524205,"His Master's Spin: As Modi Faces Covid Surge Heat, Media's New Villains are Farmers, Babus","2021-04-22 17:13:17","https://thewire.in/?p=524205"
524214,"Centre Invokes DM Act to Order Uninterrupted Production, Supply of Oxygen","2021-04-22 16:54:22","https://thewire.in/?p=524214"
524172,"Over 2,500 Ambulance Calls From COVID Patients Daily in Delhi for Last One Week","2021-04-22 15:41:15","https://thewire.in/?p=524172"
524175,"Watch: Renowned American Doctor Faheem Younus Answers All Your COVID-Related Questions in Hindi","2021-04-22 15:15:49","https://thewire.in/?p=524175"
524174,"Watch | COVID-19 Vaccine Drive Opened Up for All Above 18 Years","2021-04-22 15:00:20","https://thewire.in/?p=524174"
524119,"Second Wave of COVID Infects Over 500 Doctors And Health Workers in Bihar","2021-04-22 13:54:01","https://thewire.in/?p=524119"
524104,"'System Has Collapsed': Global Media Minces No Words on India's COVID Crisis","2021-04-22 13:30:51","https://thewire.in/?p=524104"
524114,"Small Hospitals in Delhi Continue to Grapple With Limited Oxygen Supply","2021-04-22 13:21:39","https://thewire.in/?p=524114"
524136,"'Ashamed' of Centre’s Decision To Reduce Oxygen Supply to Maha, HC Orders Immediate Restoration","2021-04-22 13:05:26","https://thewire.in/?p=524136"
524099,"With Over 3.15 Lakh New COVID-19 Cases in 24 Hours, India Creates a Global Record","2021-04-22 10:46:24","https://thewire.in/?p=524099"
524090,"Sankha Ghosh: A Poet and Face Beyond Advertisements","2021-04-22 09:25:48","https://thewire.in/?p=524090"
523963,"Behind the Disastrous Response to the Pandemic Lies a Majoritarian Mindset","2021-04-22 08:33:17","https://thewire.in/?p=523963"
524071,"Modi Turned India from Vaccine Leader to Beggar: Congress","2021-04-21 23:10:03","https://thewire.in/?p=524071"
524004,"Madhya Pradesh Joins Assam, Chhattisgarh, UP in Announcing Free Vaccines for All Adults","2021-04-21 17:49:18","https://thewire.in/?p=524004"
523962,"Forty Inmates Test Positive For COVID-19 in Maharashtra's Byculla Jail","2021-04-21 16:16:31","https://thewire.in/?p=523962"
523946,"Uttarakhand HC Asks State Govt To Issue Guidelines For Chardham Yatra","2021-04-21 15:41:05","https://thewire.in/?p=523946"
523865,"COVID-19: Delhi Hospitals Get Fresh Supply Of Oxygen, but Stocks May Last For Only 'Two Days'","2021-04-21 15:00:28","https://thewire.in/?p=523865"
523905,"Vaccinate Arrested Accused Persons Above 45: HC to Maha Government","2021-04-21 14:53:44","https://thewire.in/?p=523905"
523889,"Kishore Nandlaskar, Veteran Actor, Dies Due to COVID-19","2021-04-21 14:49:36","https://thewire.in/?p=523889"
523878,"COVID-19: Centre Waives Import Duty on Remdesivir and Its Raw Materials","2021-04-21 13:24:13","https://thewire.in/?p=523878"
523860,"Haryana: Khaps Move to Resist Possible 'Forcible Removal' of Farmers from Protest Sites","2021-04-21 11:50:27","https://thewire.in/?p=523860"
523848,"India Reports Over 2,000 COVID-19 Deaths in Single Day","2021-04-21 10:51:12","https://thewire.in/?p=523848"
523838,"Another Mass Exodus of Migrant Workers Likely if Delhi's Lockdown Persists","2021-04-21 09:33:01","https://thewire.in/?p=523838"
523729,"Watch | How the Pandemic Has Changed the Lives of Sex Workers","2021-04-21 07:00:42","https://thewire.in/?p=523729"
523818,"'Few Hours of Oxygen Left in Some Hospitals': Delhi CM Tweets of Serious Crisis","2021-04-20 21:58:52","https://thewire.in/?p=523818"
523812,"'We Need to Save the Nation from Lockdown': PM Modi Asks Migrant Workers to Stay Put","2021-04-20 21:20:52","https://thewire.in/?p=523812"
523805,"Maharashtra Cabinet in Favour of 'Strict Lockdown', Announcement Likely on April 21","2021-04-20 19:55:10","https://thewire.in/?p=523805"
523801,"COVID-19: Jharkhand to Go Into Weeklong Lockdown From April 22","2021-04-20 19:28:43","https://thewire.in/?p=523801"
523777,"'Blood on Hands': Delhi HC Asks to Divert Oxygen From Industries to Patients, Slams Vaccine Wastage","2021-04-20 18:24:14","https://thewire.in/?p=523777"
523769,"Nepal's Ex-King Gyanendra, Queen Komal Test COVID-19 Positive After Attending Maha Kumbh","2021-04-20 17:24:41","https://thewire.in/?p=523769"
523744,"Many Indians Struggle To Get Coronavirus Tests as Cases Rocket","2021-04-20 16:14:54","https://thewire.in/?p=523744"
523730,"Real and Imaginary Shares in Oxygen Rally as India Battles Virus Surge","2021-04-20 15:50:53","https://thewire.in/?p=523730"
523718,"COVID-19: Israel Fully Vaccinates Majority, No Longer Needs People To Wear Masks Outdoors","2021-04-20 15:21:32","https://thewire.in/?p=523718"
523670,"J&J Seeks Permission For Phase-3 Trial of Its COVID Vaccine in India","2021-04-20 14:25:54","https://thewire.in/?p=523670"
523664,"Devendra Fadnavis Faces Ire After 22-Year-Old Nephew Gets COVID Vaccination","2021-04-20 13:37:51","https://thewire.in/?p=523664"
523696,"As COVID-19 Cases Rise, Night Curfew Imposed in Telangana Until April 30","2021-04-20 13:07:11","https://thewire.in/?p=523696"
523674,"Criticism Over Export of COVID-19 Vaccines Rejected By Jaishankar","2021-04-20 12:25:27","https://thewire.in/?p=523674"
523657,"Pakistan Bans Travel From India For Two Weeks Amid COVID-19 Surge","2021-04-20 12:01:48","https://thewire.in/?p=523657"
523656,"'Avoid Travel to India': US Lists India Under 'Very High Level of COVID-19' Category","2021-04-20 11:53:29","https://thewire.in/?p=523656"
523655,"As India Reports 2.56 Lakh Cases, Modi Announces Confusing Vaccine Update","2021-04-20 11:49:39","https://thewire.in/?p=523655"
523643,"With New Cases Spiking, Delhi Struggles to Meet Demand for COVID Hospital Beds","2021-04-20 10:04:46","https://thewire.in/?p=523643"
523635,"Kumbh 2021: Astrology, Mortality and the Indifference to Life of Leaders and Stars","2021-04-20 08:00:52","https://thewire.in/?p=523635"
523462,"Blunting the Economic Impact of the Second Wave of COVID-19 With a 3, 6, 9-Month Plan","2021-04-19 20:56:25","https://thewire.in/?p=523462"
523534,"UP: Allahabad HC Orders Lockdown in 5 Cities; Govt Says No to Complete Shutdown","2021-04-19 19:35:21","https://thewire.in/?p=523534"
523548,"Fact Check: Is Amit Shah Right to Say Elections Can’t be Blamed for COVID Spike?","2021-04-19 19:00:00","https://thewire.in/?p=523548"
523533,"Bengal: Schools to Close Over COVID-19 Spike, CM Asks People Not to Panic","2021-04-19 18:20:22","https://thewire.in/?p=523533"
523448,"Nine Things BJP Leaders Said Recently About the Pandemic – But Shouldn't Have","2021-04-19 15:42:06","https://thewire.in/?p=523448"
523447,"COVID-19 Surge: Hong Kong Suspends Flights From India From April 20 to May 3","2021-04-19 15:13:39","https://thewire.in/?p=523447"
523420,"Delhi: Lockdown From Tonight Until April 26 as COVID Numbers Continue to Spike","2021-04-19 12:20:16","https://thewire.in/?p=523420"
523426,"COVID-19: Oxygen to Be Transported by Trains, Supply Diverted From Industries","2021-04-19 11:19:03","https://thewire.in/?p=523426"
523413,"India Reports 2.7 Lakh New COVID Cases, Cumulative Cases Crosses 1.5 Crore","2021-04-19 09:56:46","https://thewire.in/?p=523413"
523410,"Can't Cancel Thrissur Pooram Festival as it Will 'Cause Many Problems': Kerala Health Minister","2021-04-19 09:48:54","https://thewire.in/?p=523410"
523384,"From the Kumbh to Ramzan, Contrasting Court Orders in COVID Times","2021-04-18 21:42:26","https://thewire.in/?p=523384"
523397,"In Ghaziabad and Other Districts, Data on Ground Disproves UP’s ‘Zero COVID Deaths’ Claim","2021-04-18 21:28:58","https://thewire.in/?p=523397"
523376,"Railways To Run 'Oxygen Express' To Meet High Demand Amid Surge In COVID-19 Cases","2021-04-18 19:07:26","https://thewire.in/?p=523376"
523273,"Watch | Why Has the COVID-19 Problem Spiralled?","2021-04-18 19:00:07","https://thewire.in/?p=523273"
523350,"'If an Oxygen Cylinder Comes, Hang on to it Like Betal': Comedian's Ordeal Resonates on Social Media","2021-04-18 17:48:31","https://thewire.in/?p=523350"
523317,"'Every 4th Sample Positive': As Delhi Grapples With COVID-19 Surge, CM Writes to PM Modi Again","2021-04-18 16:46:04","https://thewire.in/?p=523317"
523326,"Madhya Pradesh: Six COVID-19 Patients Die, Low Oxygen Supply Alleged","2021-04-18 16:41:31","https://thewire.in/?p=523326"
523251,"COVID-19: 34 Returning From Haridwar Test Positive in Ahmedabad, 13 in Surat","2021-04-18 14:11:06","https://thewire.in/?p=523251"
523242,"'PM Modi Too Busy With Bengal Polls to Discuss Oxygen Issue': Uddhav Thackeray","2021-04-18 12:59:53","https://thewire.in/?p=523242"
523233,"'BJP Leaders Tapping My Phone, Will Order CID Probe': Mamata Banerjee","2021-04-18 12:50:33","https://thewire.in/?p=523233"
523216,"Fire Kills Four at Chhattisgarh COVID-19 Hospital","2021-04-18 11:43:51","https://thewire.in/?p=523216"
523215,"COVID-19: Rahul Gandhi Cancels Poll Rallies as WB Notes Highest Single-Day Spike","2021-04-18 11:15:16","https://thewire.in/?p=523215"
523211,"COVID-19: India Records New Highest Single-Day Rise of 2,61,500 Cases","2021-04-18 10:41:02","https://thewire.in/?p=523211"
523203,"With 2.6 Lakh New Covid Cases in India, Abhinav Bindra Shoots Down Wrestler's Defence of Kumbh","2021-04-18 02:39:20","https://thewire.in/?p=523203"
523188,"Congress Hits Out at the Centre's 'Unpreparedness' Amid COVID-19 Second Wave","2021-04-17 20:20:29","https://thewire.in/?p=523188"
523175,"Varanasi: Cremation, Burial Grounds Show About 50% of COVID-19 Deaths Aren't Officially Recorded","2021-04-17 19:28:20","https://thewire.in/?p=523175"
523128,"The Real Intent Behind the New OCI Rules Is to Stifle Dissent","2021-04-17 18:00:20","https://thewire.in/?p=523128"
523091,"India Scrambles to Stem COVID-19 Tide as New Cases Continue to Surge","2021-04-17 12:54:08","https://thewire.in/?p=523091"
523073,"BJP Makes a Delayed U-Turn, Modi Says Kumbh Attendance Should Now Be 'Symbolic'","2021-04-17 10:37:00","https://thewire.in/?p=523073"
523065,"We Know the ‘Harvard’ Study on UP is Not from Harvard. It’s Also Not Much of a ‘Study’.","2021-04-17 02:57:32","https://thewire.in/?p=523065"
523051,"Maldives Seeks Assurance of 100,000 COVID-19 Vaccine Doses from India","2021-04-17 00:09:08","https://thewire.in/?p=523051"
523040,"Activists Urge Kejriwal Govt to Provide Cooked Food, Rations For Poor During Curbs","2021-04-16 21:56:38","https://thewire.in/?p=523040"
523041,"COVID-19: ICSE Exams for Classes 10 and 12 Deferred","2021-04-16 20:58:40","https://thewire.in/?p=523041"
523011,"BJP MLA Visited Kumbh Mela, Is Now COVID-19 Positive, But Defends Holding of Event","2021-04-16 20:47:30","https://thewire.in/?p=523011"
522933,"Fact Check: Harvard University Did Not Praise UP's Handling of the Migrant Crisis","2021-04-16 17:30:13","https://thewire.in/?p=522933"
522868,"Delhi Becomes Worst Hit City in India After COVID-19 Surge","2021-04-16 12:24:36","https://thewire.in/?p=522868"
522829,"As the Gujarat Govt Downplays COVID-19 Crisis, People Suffer in Silence","2021-04-16 12:02:46","https://thewire.in/?p=522829"
522858,"ASI Monuments Closed for Visitors Till May 15 Due to COVID-19","2021-04-16 11:59:17","https://thewire.in/?p=522858"
522834,"Large Crowds Participate in Cow Dung Fight in Andhra Pradesh Amid COVID-19 Surge","2021-04-16 11:20:53","https://thewire.in/?p=522834"
522843,"COVID-19: With 2.17 Lakh New Cases, India Sees 8th Record Daily Spike in 9 Days","2021-04-16 10:57:13","https://thewire.in/?p=522843"
522822,"India Shifts From Mass Vaccine Exporter to Importer, Worrying the World","2021-04-16 09:34:28","https://thewire.in/?p=522822"
522812,"As Delhi's COVID Deaths Rise, So Does Pressure on Cremation, Burial Grounds","2021-04-16 09:26:04","https://thewire.in/?p=522812"
522716,"How Effective Was Modi's 'Tika Utsav'? Not at All, According to the Data","2021-04-15 19:22:14","https://thewire.in/?p=522716"
522736,"'Forbes', India and Pandora's Pandemic Box","2021-04-15 18:35:47","https://thewire.in/?p=522736"
522723,"COVID-19: Delhi HC Allows 50 People to Offers Prayers at Nizamuddin Markaz During Ramzan","2021-04-15 17:37:14","https://thewire.in/?p=522723"
522667,"New COVID-19 Restrictions in Delhi: Weekend Curfew; Malls, Gyms, Spas Closed","2021-04-15 14:11:49","https://thewire.in/?p=522667"
522662,"Watch | In 10 Minutes: What Has Been the Government's Response to COVID-19?","2021-04-15 13:51:27","https://thewire.in/?p=522662"
522617,"India Reports More Than 2 Lakh Daily New COVID-19 Cases for First Time","2021-04-15 10:10:12","https://thewire.in/?p=522617"
522605,"Overcrowded Delhi Prisons Witness Massive Spike in COVID-19 Cases","2021-04-14 21:58:30","https://thewire.in/?p=522605"
522530,"Digital Rights Bodies Warn Against Use of Facial Recognition Technology in Vaccination Drive","2021-04-14 19:52:41","https://thewire.in/?p=522530"
522553,"In Surat, Crematoria Stagger Under Rush But Official 'COVID-19 Death Count' Remains Low","2021-04-14 18:40:35","https://thewire.in/?p=522553"
522542,"COVID-19: Bombay HC Rejects Juma Masjid Plea to Allow Devotees to Offer Namaz During Ramzan","2021-04-14 18:04:32","https://thewire.in/?p=522542"
522543,"'Maa Ganga's Blessings in Flow, There Should Be No Corona': Uttarakhand CM on Kumbh Vs Markaz","2021-04-14 17:17:44","https://thewire.in/?p=522543"
522492,"Uttar Pradesh CM Adityanath Tests Positive For COVID-19","2021-04-14 14:08:31","https://thewire.in/?p=522492"
522458,"Use of Johnson & Johnson's COVID-19 Vaccine Paused in US","2021-04-14 13:26:28","https://thewire.in/?p=522458"
522450,"Allahabad HC Directs UP Govt to Consider Complete Lockdown in Worst Affected Districts","2021-04-14 13:24:48","https://thewire.in/?p=522450"
522471,"COVID-19: Queues at Crematoria Again Suggest Inconsistencies in Official Data","2021-04-14 12:43:24","https://thewire.in/?p=522471"
522435,"COVID-19: India Sees Another Record Spike, 1.84 Lakh Cases Reported in a Day","2021-04-14 10:45:46","https://thewire.in/?p=522435"
522410,"Bengal: Calcutta HC Orders Strict Compliance With COVID-19 Rules During Poll Campaigns","2021-04-13 22:41:33","https://thewire.in/?p=522410"
522392,"'Dalit Diwali' or Politics of Opportunism by Samajwadi Party?","2021-04-13 22:23:00","https://thewire.in/?p=522392"
522397,"Maharashtra: CM Announces Statewide Curfew for 15 Days, Emergency Services Exempted","2021-04-13 21:24:21","https://thewire.in/?p=522397"
522393,"As Demand for COVID-19 Tests Rises, Labs in Delhi and Mumbai Are Running Out of Kits","2021-04-13 21:05:23","https://thewire.in/?p=522393"
522369,"Watch | Coronavirus: Gujarat Model Sinks, Court Questions State Govt","2021-04-13 20:00:16","https://thewire.in/?p=522369"
522292,"COVID-19: Cipla Doubles Remdesivir Production to Meet 'Unprecedented' Demand","2021-04-13 16:26:11","https://thewire.in/?p=522292"
522263,"Worried By Rising COVID Cases, Students Use Memes to Seek Postponement of CBSE Exams","2021-04-13 15:34:24","https://thewire.in/?p=522263"
522247,"India Fast-Tracks Emergency Approvals for Foreign-Produced COVID-19 Vaccines","2021-04-13 15:00:13","https://thewire.in/?p=522247"
522214,"Week-Long 'Corona Curfew' Imposed in Bhopal, Madhya Pradesh","2021-04-13 12:30:50","https://thewire.in/?p=522214"
522235,"Data Shows India May Not Have Enough Doses to Meet its COVID Vaccination Targets","2021-04-13 12:29:04","https://thewire.in/?p=522235"
522196,"India Records 1,61,736 New COVID-19 Infections, 879 Deaths","2021-04-13 11:22:10","https://thewire.in/?p=522196"
522134,"COVID-19: Night Curfew Imposed In Haryana From 9 PM to 5 AM as Cases Surge","2021-04-12 21:24:15","https://thewire.in/?p=522134"
522021,"Maha-Kumbh Mela Vs Tablighi Jamaat: Not Comparable, But Not For The Reasons Rawat Thinks","2021-04-12 16:20:56","https://thewire.in/?p=522021"
522061,"Reality Different From Govt's Claims: Gujarat HC on COVID-19 Situation","2021-04-12 15:51:48","https://thewire.in/?p=522061"
522024,"Farmers Ready to Talk if Govt Invites Them, No Change in Demands: Rakesh Tikait","2021-04-12 14:44:07","https://thewire.in/?p=522024"
522000,"COVID-19: Gujarat BJP Chief Gives Remdesivir for Free, Sans Proper Safeguards","2021-04-12 11:38:11","https://thewire.in/?p=522000"
521984,"Sensex Nosedives in Morning Trading as COVID Case Count Threatens Economic Recovery","2021-04-12 10:58:19","https://thewire.in/?p=521984"
521979,"'Heading to a Health Emergency': Gujarat HC Files Suo Motu PIL on COVID-19 Situation","2021-04-12 10:14:55","https://thewire.in/?p=521979"
521974,"India Reports 1.7 Lakh New Cases, Five States Report 10k Cases Each","2021-04-12 09:06:42","https://thewire.in/?p=521974"
521911,"With New Record Daily High, Active COVID-19 Cases Go Past 11 Lakh for the First Time","2021-04-11 15:38:28","https://thewire.in/?p=521911"
521861,"Maharashtra to Go for Extended Lockdown; CM Uddhav Thackeray Calls All-Party Meet","2021-04-10 20:41:27","https://thewire.in/?p=521861"
521767,"617 Serious Adverse Events After Vaccination Reported in India Until March 29","2021-04-10 12:26:34","https://thewire.in/?p=521767"
521735,"India Sees 1.45 Lakh New COVID-19 Cases, More Than 10L Active Cases","2021-04-10 11:16:32","https://thewire.in/?p=521735"
521732,"Centre Must Take Responsibility for Vaccine Shortages and Act Now","2021-04-10 09:30:32","https://thewire.in/?p=521732"
521704,"Health Ministry Refuses to Share Information on Rollout Process of COVID-19 Vaccines","2021-04-10 07:00:39","https://thewire.in/?p=521704"
521693,"Amidst COVID-19 Surge in India, Serum Institute 'Legally Bound' to Supply Vaccines to COVAX","2021-04-09 20:45:23","https://thewire.in/?p=521693"
521662,"'COVID-19 Vaccine Stock to Finish in 2 Days': Rajasthan CM Writes to PM","2021-04-09 18:17:56","https://thewire.in/?p=521662"
521646,"Prince Philip, the Duke of Edinburgh, Passes Away at 99","2021-04-09 16:47:24","https://thewire.in/?p=521646"
521519,"COVID-19: In PM Modi's CMs Meet, Vaccine Shortage Takes Centre Stage","2021-04-09 11:00:22","https://thewire.in/?p=521519"
521127,"Rise in Child Marriages in the Lockdown: How the Centre Ignored Data of Its Own Nodal Agency","2021-04-08 17:30:41","https://thewire.in/?p=521127"
521314,"Resurgence of COVID-19 in India: A Tale of Six Unlearnt Lessons","2021-04-08 15:00:21","https://thewire.in/?p=521314"
521297,"Chart: Indians More Willing to Get Vaccinated for COVID-19 Now Than Before","2021-04-08 12:30:25","https://thewire.in/?p=521297"
521152,"India Supplied Covaxin to Paraguay to Stave Off China Lure, Claims Taiwan","2021-04-07 18:35:36","https://thewire.in/?p=521152"
521072,"Gujarat: CM Announces Night Curfew in 20 Cities From April 7","2021-04-07 12:26:02","https://thewire.in/?p=521072"
521060,"Single-Day COVID-19 Cases Cross One-Lakh Mark for Second Time in Three Days","2021-04-07 12:08:30","https://thewire.in/?p=521060"
521057,"RBI Holds Rates at Record Lows Amid Concerns Over Rising COVID-19 Cases","2021-04-07 11:03:00","https://thewire.in/?p=521057"
520831,"Delhi: Hospitals Asked to Increase Beds for COVID-19 Patients","2021-04-06 15:34:51","https://thewire.in/?p=520831"
520845,"Gavi Says India Likely To Make Fewer Vaccines Available Globally as Cases Rise","2021-04-06 13:40:31","https://thewire.in/?p=520845"
520826,"India Records 96,982 New COVID-19 Cases, 446 Fresh Fatalities","2021-04-06 13:39:53","https://thewire.in/?p=520826"
520780,"J&K District Makes COVID-19 Vaccine Compulsory for 45+ Who Want Ration, Then Revokes Order","2021-04-06 12:00:41","https://thewire.in/?p=520780"
520768,"Hurt, Angst and Struggle: How the Pandemic Impacted Gender-Based Violence in Arunachal Pradesh","2021-04-06 09:15:43","https://thewire.in/?p=520768"
520584,"India's Factory Activity Lowest in Seven Months Due to Renewed COVID-19 Lockdowns","2021-04-05 13:00:54","https://thewire.in/?p=520584"
520583,"100,000 New COVID-19 Cases and Bad Governance Push India to Cusp of Disaster","2021-04-05 12:01:27","https://thewire.in/?p=520583"
520439,"Bangladesh Sees Spike in COVID-19 Cases, Imposes 7-Day Nationwide Lockdown","2021-04-04 20:16:52","https://thewire.in/?p=520439"
520466,"COVID-19: More Than 90k New Cases; Narendra Modi Chairs High-Level Meeting","2021-04-04 13:50:13","https://thewire.in/?p=520466"
520293,"India Reports Just Under 90,000 Daily COVID-19 Cases","2021-04-03 11:30:40","https://thewire.in/?p=520293"
520189,"Madhya Pradesh Imposes Lockdown in Four Districts Amid Surge in COVID Cases","2021-04-02 17:28:36","https://thewire.in/?p=520189"
520105,"India's Daily New Infections Highest in Six Months","2021-04-02 10:40:42","https://thewire.in/?p=520105"
520085,"Fully Support WHO Chief’s Expectation of More Timely, Comprehensive Data Sharing: India","2021-04-01 22:51:50","https://thewire.in/?p=520085"
519960,"Once Heroes, Kerala’s Ex-Gulf Workers Forge New Futures","2021-04-01 15:15:18","https://thewire.in/?p=519960"
519944,"Brazil Drug Regulator Rejects Bharat Biotech's Application To Import Covaxin","2021-04-01 13:20:14","https://thewire.in/?p=519944"
519908,"Brazil: Cornered, Isolated and Weakened, Bolsonaro Overplays His Military Card","2021-04-01 11:30:00","https://thewire.in/?p=519908"
519737,"Why the Ugly Rhetoric of Nativist Labour Laws Makes Little Sense","2021-04-01 08:30:19","https://thewire.in/?p=519737"
519718,"It Can't Be Business As Usual for the State, 'Employers' in the Case of Gig Workers","2021-03-31 18:30:32","https://thewire.in/?p=519718"
519832,"Watch | COVID-19 Surge: Need To Limit, if Not Rule Out, Large Indoor Events","2021-03-31 18:00:47","https://thewire.in/?p=519832"
518830,"Lessons for Modi From Xi Jinping's ‘Garibi Hatao’ Battle in China","2021-03-31 17:58:26","https://thewire.in/?p=518830"
519732,"Brazil’s Health Regulator Anvisa Says Covaxin Doesn’t Meet Manufacturing Standards","2021-03-31 11:08:43","https://thewire.in/?p=519732"
519601,"OCI Card Holders Can Now Travel to India Without Carrying Old Passports","2021-03-30 14:37:55","https://thewire.in/?p=519601"
519496,"What's at Stake in Amazon's Alabama Union Vote: Five Questions Answered","2021-03-29 16:15:22","https://thewire.in/?p=519496"
519480,"Chart: Global Initiative to Provide Equitable Access to COVID-19 Vaccines Hits a Snag","2021-03-29 15:15:54","https://thewire.in/?p=519480"
519214,"Mumbai: Six Booked for Mall Hospital Fire That Killed 9 Patients","2021-03-27 14:10:38","https://thewire.in/?p=519214"
519077,"Watch | 'India's Current COVID-19 Surge May Be Worse Than the First, Needs Attention'","2021-03-26 19:07:30","https://thewire.in/?p=519077"
518989,"Mumbai's COVID-19 Resurgence: Cases Have Increased 217% Since March 1","2021-03-26 15:00:03","https://thewire.in/?p=518989"
518894,"Mumbai: At Least 10 Dead in Fire at COVID-19 Hospital, 70 Patients Rescued","2021-03-26 13:50:34","https://thewire.in/?p=518894"
518701,"What Changed and What Didn't in One Year of a Pandemic and Lockdown","2021-03-26 07:00:32","https://thewire.in/?p=518701"
518852,"India Votes Against Israel in Three UNHRC Resolutions, Abstains on One","2021-03-25 23:01:13","https://thewire.in/?p=518852"
518685,"India Sees Over One Lakh New COVID-19 Cases in Two Days, Highest in 2021","2021-03-25 12:52:27","https://thewire.in/?p=518685"
518673,"Chart: India's COVID Surge Continues, Maharashtra Sees Most Cases","2021-03-25 12:20:53","https://thewire.in/?p=518673"
518619,"To Address Supply Concerns, India To Stop Vaccine Exports for the Next Two Months","2021-03-24 23:18:47","https://thewire.in/?p=518619"
518566,"India Reports Novel Coronavirus Variant, Daily Deaths at Year's High","2021-03-24 20:00:48","https://thewire.in/?p=518566"
518455,"J&K Govt Allows 2-Month Special Parole For Convicts Due to Rising COVID-19 Cases","2021-03-24 14:48:35","https://thewire.in/?p=518455"
518382,"Welfare Measures and Forced Evictions: How the Pandemic Uncovered the Paradox of Life for Delhi’s Marginal Urban Dwellers","2021-03-24 13:30:06","https://thewire.in/?p=518382"
518386,"Serum Instititue Seeks Centre's Nod To Send 50 Lakh Covishield Doses To the UK","2021-03-24 11:59:23","https://thewire.in/?p=518386"
518357,"As Pakistan Objects, India Justifies Designs of Pakal Dul, Lower Kalnai Projects in J&K","2021-03-23 23:06:45","https://thewire.in/?p=518357"
518306,"Punjab CM Says 81% of Punjab’s New COVID-19 Cases Are Strain That Originated in UK","2021-03-23 17:59:48","https://thewire.in/?p=518306"
518242,"COVID-19 Vaccine Available for Everyone Above 45 From April 1: Health Ministry","2021-03-23 15:39:29","https://thewire.in/?p=518242"
518051,"Excerpt: Life and Culture During the COVID-19 Lockdown","2021-03-23 07:00:34","https://thewire.in/?p=518051"
518048,"Centre Revises Gap Between Covishield Vaccine Doses to 4-8 Weeks","2021-03-22 18:53:45","https://thewire.in/?p=518048"
517962,"When it Comes to Alleviating Covid's Economic Pain, Why Are India's Billionaires Unmoved?","2021-03-22 15:28:11","https://thewire.in/?p=517962"
517884,"Maharashtra’s Microfinance Self-Help Groups Fail to Support Dalit Women at Time of Greatest Need","2021-03-22 10:02:39","https://thewire.in/?p=517884"
517863,"Rajasthan Govt Announces Night Curfew in 8 Cities; COVID-19 Negative Report Must for Visitors","2021-03-21 20:17:13","https://thewire.in/?p=517863"
517851,"AIIMS Says LS Speaker Om Birla Admitted After Testing Positive for COVID-19","2021-03-21 18:34:24","https://thewire.in/?p=517851"
517822,"The Portrait of a Poet","2021-03-21 16:28:28","https://thewire.in/?p=517822"
517629,"Pandemic Pushed 32 Million Indians Out of Middle Class: Pew Research Center","2021-03-20 13:50:06","https://thewire.in/?p=517629"
517565,"After Magufuli's Death, Tanzania’s First Woman President Faces Pandemic and Polarisation","2021-03-20 10:40:28","https://thewire.in/?p=517565"
517430,"Madhya Pradesh Bans Buses To and From Maharashtra to Curb Coronavirus","2021-03-19 14:11:51","https://thewire.in/?p=517430"
517133,"How Chhattisgarh Is Deliberately Inviting COVID-19 To Stay Over","2021-03-18 20:40:16","https://thewire.in/?p=517133"
517275,"Brazil: Bolsonaro Faces Record Low Approval Ratings, Pressure From Lula","2021-03-18 17:18:45","https://thewire.in/?p=517275"
517260,"Tanzanian President John Magufuli Passes Away at 61","2021-03-18 16:46:44","https://thewire.in/?p=517260"
517179,"'Nobody Can Study on Hungry Stomach': Karnataka HC Asks State to Resume Midday Meals","2021-03-18 14:45:26","https://thewire.in/?p=517179"
517193,"Delhi Saw a Sharp Rise in Joblessness Due to COVID-19; Women Worst Affected: Survey","2021-03-18 14:18:14","https://thewire.in/?p=517193"
517197,"COVID-19 Disruptions Could See India Register Massive Increase in Child and Maternal Deaths","2021-03-18 13:30:40","https://thewire.in/?p=517197"
517186,"The Wholesale Offloading of Government Assets Will Be a Political Hot Potato for PM Modi","2021-03-18 12:33:14","https://thewire.in/?p=517186"
517062,"Need Quick, Decisive Action to Stop Emerging Second Wave of Coronavirus, PM Modi Tells CMs","2021-03-17 16:50:10","https://thewire.in/?p=517062"
516909,"China to Permit Indians and People From 19 Countries to Return Only if They Take Chinese Vaccines","2021-03-16 20:49:22","https://thewire.in/?p=516909"
516735,"The BJP's Toolkit Is Not Working That Well","2021-03-16 13:00:45","https://thewire.in/?p=516735"
516378,"After Walking for Seven Months, Migrant Labourer Reaches Home in Jharkhand","2021-03-14 16:30:53","https://thewire.in/?p=516378"
516295,"India Expected to Review Covishield After Reports of Blood Clots After Vaccination","2021-03-14 10:20:58","https://thewire.in/?p=516295"
516182,"Night Curfew to Curb Coronavirus Likely in Bhopal, Indore: Madhya Pradesh CM","2021-03-13 16:17:23","https://thewire.in/?p=516182"
515691,"'Deshbhakti': Speculations on the New Education Curriculum Envisaged by the Delhi Government","2021-03-12 19:22:45","https://thewire.in/?p=515691"
515890,"NITI Aayog's Proposal to Cut Food Subsidies Will Worsen India's Rising Hunger Problem","2021-03-12 17:00:34","https://thewire.in/?p=515890"
515909,"COVID-19 Pandemic at a Crossroads as New Variants Loom","2021-03-12 15:00:19","https://thewire.in/?p=515909"
515484,"'Epitome of Communalism': What Pinarayi Vijayan's Fierce Attack on Amit Shah Achieves","2021-03-10 17:30:37","https://thewire.in/?p=515484"
515449,"Quad Nations Meeting to Announce Financing to Boost India's Vaccine Output","2021-03-10 11:32:44","https://thewire.in/?p=515449"
515284,"Tablighi Jamaat: A Year on, Some Attendees Still Await Trial, Others Struggle To Return Home","2021-03-09 17:00:32","https://thewire.in/?p=515284"
515098,"Pope Condemns Violence in God’s Name as 'Greatest Blasphemy' During Iraq Visit","2021-03-08 16:00:12","https://thewire.in/?p=515098"
515060,"Led by Maharashtra, India’s COVID-19 Case Load Is Rising Again","2021-03-08 13:30:33","https://thewire.in/?p=515060"
513581,"In Sri Lanka, India Must Do More Than Pay Lip Service to Tamil Concerns","2021-03-06 20:30:49","https://thewire.in/?p=513581"
514650,"Is There a 'Third Way' to Ensure Equitable Access to COVID-19 Vaccines for All Countries?","2021-03-06 18:30:31","https://thewire.in/?p=514650"
514659,"Activists Puncture Govt's Claims on Steps It Took to Combat Migrant Workers' Crisis","2021-03-06 18:00:12","https://thewire.in/?p=514659"
514434,"'I Don’t Have the Option to Rent a House': How Migrant Workers Differ From the Urban Poor","2021-03-06 11:15:24","https://thewire.in/?p=514434"
514538,"'Misleading, Incorrect, Misplaced': Centre Reacts to India's Downgrading in Think Tank Report","2021-03-05 23:14:32","https://thewire.in/?p=514538"
514188,"Sexual Harassment Allegations: NY Governor Andrew Cuomo Apologises But Refuses to Resign","2021-03-04 17:40:10","https://thewire.in/?p=514188"
514150,"Karnataka HC Calls BJP's Affidavit Claiming it Has Not Conducted Rally During COVID 'False'","2021-03-04 13:50:11","https://thewire.in/?p=514150"
514164,"Seizures Show Alcohol Sale Continued in Dry Gujarat During COVID-19","2021-03-04 13:24:19","https://thewire.in/?p=514164"
514123,"COVID-19-Induced School Closures Impacted 247 Million Indian Children: UNICEF","2021-03-04 09:07:58","https://thewire.in/?p=514123"
514109,"India Downgraded From 'Free' to 'Partly Free' by US Think Tank","2021-03-04 00:07:33","https://thewire.in/?p=514109"
513958,"COVID-19: Globally, India's Health Workers Were the Most Attacked","2021-03-03 15:02:50","https://thewire.in/?p=513958"
513952,"UN Body Warns India of Consequences if Christian Michel Is Not Released Immediately","2021-03-03 14:30:13","https://thewire.in/?p=513952"
513900,"Cybersecurity Firm Claims Chinese Hackers Targeted Serum Institute, Bharat Biotech","2021-03-03 12:04:34","https://thewire.in/?p=513900"
513791,"Andrew Cuomo's Office Greenlights Independent Probe Into NY Governor's 'Sexual Misconduct'","2021-03-02 17:48:23","https://thewire.in/?p=513791"
513782,"Madhya Pradesh BJP MP Nand Kumar Singh Chauhan Passes Away","2021-03-02 16:50:54","https://thewire.in/?p=513782"
513758,"Biden Administration 'Undecided' on Ending Trump-Era H-1B Visa Ban","2021-03-02 15:32:58","https://thewire.in/?p=513758"
513625,"Is 'Atmanirbhar Bharat' Holding Up India's Genome Sequencing Program?","2021-03-02 10:30:14","https://thewire.in/?p=513625"
513445,"AstraZeneca Sold its Stake in Moderna For Over $1 Billion: Report","2021-03-01 15:18:36","https://thewire.in/?p=513445"
513483,"Did Chinese Hackers Cause Mumbai's Power Failure in October?","2021-03-01 15:00:06","https://thewire.in/?p=513483"
513396,"Modi Only World Leader to Use COVID Vaccination Certificate to Push Cult of Personality","2021-03-01 10:57:22","https://thewire.in/?p=513396"
513206,"Clooney Foundation Bats for Jailed Kashmiri Journalist, Will Monitor Trial","2021-02-28 09:12:55","https://thewire.in/?p=513206"
513183,"'Vacation in North Korea': Backlash After German Radio Host's ‘Racist’ Comments on BTS","2021-02-27 16:40:38","https://thewire.in/?p=513183"
512900,"Odisha Makes COVID-19 Screening of Passengers From 12 States Mandatory","2021-02-26 14:13:21","https://thewire.in/?p=512900"
512651,"US Senate to Hold Confirmation Hearing For Vivek Murthy as Surgeon General","2021-02-25 13:47:49","https://thewire.in/?p=512651"
512603,"Bengal Govt Mandates Negative COVID-19 Reports for Air Passengers From 4 States","2021-02-25 12:05:10","https://thewire.in/?p=512603"
512385,"Why Does PM CARES Not Qualify as a 'Public Authority' Under the RTI Act?","2021-02-25 07:00:27","https://thewire.in/?p=512385"
512297,"Delhi Mandates Negative COVID-19 Report for Passengers from Maharashtra, 4 Other States","2021-02-24 11:21:33","https://thewire.in/?p=512297"
512159,"Chart: These Countries Have Yet to Start COVID-19 Vaccinations","2021-02-24 08:00:52","https://thewire.in/?p=512159"
512067,"Case Filed Against Ex BJP MP, 2 Others for Violating COVID-19 Norms at Wedding","2021-02-23 12:30:19","https://thewire.in/?p=512067"
512005,"Gujarat Bypolls: BJP Wins Both Rajya Sabha Seats","2021-02-22 21:23:40","https://thewire.in/?p=512005"
511752,"UNSC Watch: As Vaccine Inequality Worsens, UK Calls for 'Vaccination Ceasefire'","2021-02-22 08:53:32","https://thewire.in/?p=511752"
511689,"Micro-Containment Zones, Night Curfews: Pune Tightens COVID-19 Restrictions","2021-02-21 18:45:47","https://thewire.in/?p=511689"
511646,"Gujarat Civic Polls: Voting Underway for Election to 6 Municipal Corporations","2021-02-21 14:18:25","https://thewire.in/?p=511646"
511161,"'COVID Deepened Suspicions Between Indian and China Armies': Eastern Army Commander","2021-02-19 13:09:40","https://thewire.in/?p=511161"
510886,"Australia: Facebook Blocks News, Wipes Out Public Pages as Tiff with Govt Escalates","2021-02-18 11:31:07","https://thewire.in/?p=510886"
510868,"Centre Issues New Guidelines for International Arrivals From UK, Brazil and South Africa","2021-02-18 11:00:06","https://thewire.in/?p=510868"
510397,"How Punjab's Rural Women, Neck-Deep in Debt, Are Trapped in Microloan Cycles","2021-02-18 07:00:21","https://thewire.in/?p=510397"
510601,"Pakistan Meets Conditions to Receive Next $500 Million From IMF","2021-02-17 12:30:43","https://thewire.in/?p=510601"
510389,"As Myanmar Returns to Crisis Mode, India Maintains Sanctions Are Not the Answer","2021-02-16 17:36:11","https://thewire.in/?p=510389"
510265,"South Africa Asks Serum Institute to Take Back 1 Million COVID-19 Vaccine Doses","2021-02-16 13:48:27","https://thewire.in/?p=510265"
510206,"ICAI Cautions Members of 'Highly Objectionable Posts' on Social Media","2021-02-16 12:30:36","https://thewire.in/?p=510206"
510063,"Gujarat CM Vijay Rupani Tests Positive for COVID-19  After Collapsing at Poll Rally","2021-02-15 16:30:27","https://thewire.in/?p=510063"
510072,"What the $25 Billion the Biggest Us Donors Gave in 2020 Says About High-Dollar Charity","2021-02-15 15:30:52","https://thewire.in/?p=510072"
509970,"UNSC Watch: ISIS Terror in Times of COVID-19; a Long-Shot Challenger to Guterres","2021-02-15 08:43:48","https://thewire.in/?p=509970"
509828,"Not Helping: WHO Is Confused About Whether SARS-CoV-2 'Leaked From a Lab'","2021-02-14 13:47:26","https://thewire.in/?p=509828"
509741,"Brazil, Country With ‘Worst Response’ to COVID-19, Braces for New Variant","2021-02-14 07:00:36","https://thewire.in/?p=509741"
509736,"Ex-DU Professor G.N. Saibaba, Jailed for Maoist links, Tests COVID-19 Positive","2021-02-13 19:09:23","https://thewire.in/?p=509736"
509605,"Backstory: The Kashmir Model to Discipline Indian Media","2021-02-13 17:10:43","https://thewire.in/?p=509605"
509457,"RJD Demands Inquiry Into Alleged Irregularities in Bihar’s COVID-19 Testing","2021-02-12 18:14:05","https://thewire.in/?p=509457"
509359,"Does the Modi Sarkar Have a Notion of the 'Common Good'?","2021-02-12 18:00:40","https://thewire.in/?p=509359"
509383,"The Kremlin May Make Foreign Internet Companies Open Offices in Russia","2021-02-12 17:24:22","https://thewire.in/?p=509383"
509305,"World’s Second-oldest Person Turns 117 After Surviving COVID-19","2021-02-12 15:30:56","https://thewire.in/?p=509305"
509333,"Is India Prepared to Tackle Looming Economic Risks From Climate Change?","2021-02-12 14:30:08","https://thewire.in/?p=509333"
509190,"Flight Tickets to Become Costlier as Govt Raises Cap on Domestic Airfares by 10-30%","2021-02-11 19:22:15","https://thewire.in/?p=509190"
509064,"Worst Hit by Pandemic, Tourism Industry Experts Say the Road to Recovery Is Long","2021-02-11 19:00:20","https://thewire.in/?p=509064"
509133,"Maharashtra Governor Denied Permission to Use State Government Plane","2021-02-11 17:54:05","https://thewire.in/?p=509133"
509156,"Oil Prices Drop After Strong Rally as New COVID Variants Weigh on Demand Recovery","2021-02-11 17:47:18","https://thewire.in/?p=509156"
508759,"Sikkim: Ruling SKM Calls Arrested Geyzing College Student Protestors 'Anti-Nationals'","2021-02-11 13:30:05","https://thewire.in/?p=508759"
508748,"Over 1 Crore Migrant Workers Returned to Native Places During Lockdown, Centre Tells RS","2021-02-10 16:00:31","https://thewire.in/?p=508748"
507739,"Delhi Government Reduces Circle Rates For Properties by 20%","2021-02-06 16:26:02","https://thewire.in/?p=507739"
507662,"4G Internet Services to Resume Across J&K For the First Time Since August 2019","2021-02-05 20:09:27","https://thewire.in/?p=507662"
507595,"RBI Holds Interest Rates Steady at Record Lows as Economic Outlook Improves","2021-02-05 16:00:31","https://thewire.in/?p=507595"
507513,"Rich Countries Block India, South Africa's Bid to Ban COVID-19 Vaccine Patents","2021-02-05 08:48:48","https://thewire.in/?p=507513"
507211,"Activists Slam Reducing Budget Allocation for Critical Women and Child Nutrition Schemes Amid COVID","2021-02-04 19:20:10","https://thewire.in/?p=507211"
507234,"Parliamentary Panel Voices Concerns About Creating National DNA Database","2021-02-04 12:46:54","https://thewire.in/?p=507234"
507079,"How Effective Are The Covid-19 Vaccines?","2021-02-03 18:00:30","https://thewire.in/?p=507079"
507063,"For Many Countries, the Road to COVID-19 Vaccine Inoculation Remains a Long One","2021-02-03 17:00:29","https://thewire.in/?p=507063"
507068,"India's Services Industry Improved in January; Job Cuts Continued","2021-02-03 15:23:09","https://thewire.in/?p=507068"
506984,"Captain Tom Moore, UK's Record-Breaking Fundraiser, Dies at 100","2021-02-03 13:12:22","https://thewire.in/?p=506984"
506949,"As Vaccine Drive Lags, Serum Institute Sits on 55 Million Covishield Doses Awaiting Government's Call","2021-02-03 13:00:34","https://thewire.in/?p=506949"
506822,"Bolsonaro Allies Win Control of Brazilian Congress, Stifling Calls for His Impeachment","2021-02-02 17:53:11","https://thewire.in/?p=506822"
506801,"Suu Kyi's Party Demands Her Release as Myanmar Military Consolidates Power","2021-02-02 17:38:18","https://thewire.in/?p=506801"
506834,"Yet Another Petition for the Uniform Civil Code in a Vacuum","2021-02-02 17:03:22","https://thewire.in/?p=506834"
506771,"It's Time that Budgeting Assumed Responsibility for the Most Marginalised","2021-02-02 09:25:23","https://thewire.in/?p=506771"
